Number;Url;"Date upload";Invited;"Date invitation"
1;https://ok.ru/profile/513619141877;"2017.01.28 14:17:14";-;
2;https://ok.ru/profile/578927179426;"2017.01.28 14:17:14";-;
3;https://ok.ru/profile/575838909626;"2017.01.28 14:17:14";-;
4;https://ok.ru/profile/563581504179;"2017.01.28 14:17:14";-;
5;https://ok.ru/profile/475541893315;"2017.01.28 14:17:14";-;
6;https://ok.ru/profile/584839587084;"2017.01.28 14:17:14";-;
7;https://ok.ru/profile/572059281104;"2017.01.28 14:17:14";-;
8;https://ok.ru/profile/574004820158;"2017.01.28 14:17:14";-;
9;https://ok.ru/profile/580631835658;"2017.01.28 14:17:14";-;
10;https://ok.ru/profile/587240445751;"2017.01.28 14:17:14";-;
11;https://ok.ru/profile/568715172119;"2017.01.28 14:17:14";-;
12;https://ok.ru/profile/576474200262;"2017.01.28 14:17:14";-;
13;https://ok.ru/profile/547701589503;"2017.01.28 14:17:14";-;
14;https://ok.ru/profile/540446492668;"2017.01.28 14:17:14";-;
15;https://ok.ru/profile/347620379863;"2017.01.28 14:17:14";-;
16;https://ok.ru/profile/576510468553;"2017.01.28 14:17:14";-;
17;https://ok.ru/profile/587219477808;"2017.01.28 14:17:14";-;
18;https://ok.ru/profile/345760164802;"2017.01.28 14:17:14";-;
19;https://ok.ru/profile/575088542606;"2017.01.28 14:17:14";-;
20;https://ok.ru/profile/551048409850;"2017.01.28 14:17:14";-;
21;https://ok.ru/profile/556376717511;"2017.01.28 14:17:14";-;
22;https://ok.ru/profile/560381121784;"2017.01.28 14:17:14";-;
23;https://ok.ru/profile/545916731636;"2017.01.28 14:17:14";-;
24;https://ok.ru/profile/519013035368;"2017.01.28 14:17:14";-;
25;https://ok.ru/profile/344174303104;"2017.01.28 14:17:14";-;
26;https://ok.ru/profile/560380073725;"2017.01.28 14:17:14";-;
27;https://ok.ru/profile/588922774567;"2017.01.28 14:17:14";-;
28;https://ok.ru/profile/446686595266;"2017.01.28 14:17:14";-;
29;https://ok.ru/profile/547315454815;"2017.01.28 14:17:14";-;
30;https://ok.ru/profile/525019294118;"2017.01.28 14:17:14";-;
31;https://ok.ru/profile/576065939692;"2017.01.28 14:17:14";-;
32;https://ok.ru/profile/523264216905;"2017.01.28 14:17:14";-;
33;https://ok.ru/profile/239877538677;"2017.01.28 14:17:14";-;
34;https://ok.ru/profile/587092628024;"2017.01.28 14:17:14";-;
35;https://ok.ru/profile/548143924143;"2017.01.28 14:17:14";-;
36;https://ok.ru/profile/587297427477;"2017.01.28 14:17:14";-;
37;https://ok.ru/profile/589018632234;"2017.01.28 14:17:14";-;
38;https://ok.ru/profile/582238625292;"2017.01.28 14:17:14";-;
39;https://ok.ru/profile/581206773557;"2017.01.28 14:17:14";-;
40;https://ok.ru/profile/242737437654;"2017.01.28 14:17:14";-;
41;https://ok.ru/profile/559389432964;"2017.01.28 14:17:14";-;
42;https://ok.ru/profile/553931792639;"2017.01.28 14:17:14";-;
43;https://ok.ru/profile/155553841442;"2017.01.28 14:17:14";-;
44;https://ok.ru/profile/569194058120;"2017.01.28 14:17:14";-;
45;https://ok.ru/profile/577699202084;"2017.01.28 14:17:14";-;
46;https://ok.ru/profile/538500690104;"2017.01.28 14:17:14";-;
47;https://ok.ru/profile/575155428495;"2017.01.28 14:17:14";-;
48;https://ok.ru/profile/572278561992;"2017.01.28 14:17:14";-;
49;https://ok.ru/profile/103374631764;"2017.01.28 14:17:14";-;
50;https://ok.ru/profile/570110967667;"2017.01.28 14:17:14";-;
51;https://ok.ru/profile/571787003470;"2017.01.28 14:17:14";-;
52;https://ok.ru/profile/567945571200;"2017.01.28 14:17:14";-;
53;https://ok.ru/profile/301226696548;"2017.01.28 14:17:14";-;
54;https://ok.ru/profile/548429234995;"2017.01.28 14:17:14";-;
55;https://ok.ru/profile/513367701148;"2017.01.28 14:17:14";-;
56;https://ok.ru/profile/531738505958;"2017.01.28 14:17:14";-;
57;https://ok.ru/profile/529203191338;"2017.01.28 14:17:14";-;
58;https://ok.ru/profile/556146809743;"2017.01.28 14:17:14";-;
59;https://ok.ru/profile/587193745457;"2017.01.28 14:17:14";-;
60;https://ok.ru/profile/570188371293;"2017.01.28 14:17:14";-;
61;https://ok.ru/profile/575144891788;"2017.01.28 14:17:14";-;
62;https://ok.ru/profile/568632002691;"2017.01.28 14:17:14";-;
63;https://ok.ru/profile/482463825197;"2017.01.28 14:17:14";-;
64;https://ok.ru/profile/573939389329;"2017.01.28 14:17:14";-;
65;https://ok.ru/profile/514346760847;"2017.01.28 14:17:14";-;
66;https://ok.ru/profile/536927470892;"2017.01.28 14:17:14";-;
67;https://ok.ru/profile/463277654137;"2017.01.28 14:17:14";-;
68;https://ok.ru/profile/341423158213;"2017.01.28 14:17:14";-;
69;https://ok.ru/profile/562031920475;"2017.01.28 14:17:14";-;
70;https://ok.ru/profile/590289634842;"2017.01.28 14:17:14";-;
71;https://ok.ru/profile/532102209247;"2017.01.28 14:17:14";-;
72;https://ok.ru/profile/569287359607;"2017.01.28 14:17:14";-;
73;https://ok.ru/profile/567093329262;"2017.01.28 14:17:14";-;
74;https://ok.ru/profile/357999081819;"2017.01.28 14:17:14";-;
75;https://ok.ru/profile/576589580749;"2017.01.28 14:17:14";-;
76;https://ok.ru/profile/584844563722;"2017.01.28 14:17:14";-;
77;https://ok.ru/profile/375084388149;"2017.01.28 14:17:14";-;
78;https://ok.ru/profile/570094790775;"2017.01.28 14:17:14";-;
79;https://ok.ru/profile/571280183402;"2017.01.28 14:17:14";-;
80;https://ok.ru/profile/567742728550;"2017.01.28 14:17:14";-;
81;https://ok.ru/profile/556990256501;"2017.01.28 14:17:14";-;
82;https://ok.ru/profile/578995939237;"2017.01.28 14:17:14";-;
83;https://ok.ru/profile/571318229216;"2017.01.28 14:17:14";-;
84;https://ok.ru/profile/540109323870;"2017.01.28 14:17:14";-;
85;https://ok.ru/profile/529608322323;"2017.01.28 14:17:14";-;
86;https://ok.ru/profile/521685543109;"2017.01.28 14:17:14";-;
87;https://ok.ru/profile/523351982139;"2017.01.28 14:17:14";-;
88;https://ok.ru/profile/564286760778;"2017.01.28 14:17:14";-;
89;https://ok.ru/profile/581645420072;"2017.01.28 14:17:14";-;
90;https://ok.ru/profile/576019773748;"2017.01.28 14:17:14";-;
91;https://ok.ru/profile/492487812816;"2017.01.28 14:17:14";-;
92;https://ok.ru/profile/522854829222;"2017.01.28 14:17:14";-;
93;https://ok.ru/profile/574904222084;"2017.01.28 14:17:14";-;
94;https://ok.ru/profile/569907666742;"2017.01.28 14:17:14";-;
95;https://ok.ru/profile/587224744500;"2017.01.28 14:17:14";-;
96;https://ok.ru/profile/565623063442;"2017.01.28 14:17:14";-;
97;https://ok.ru/profile/458707453930;"2017.01.28 14:17:14";-;
98;https://ok.ru/profile/354247202007;"2017.01.28 14:17:14";-;
99;https://ok.ru/profile/528693936503;"2017.01.28 14:17:14";-;
100;https://ok.ru/profile/351795394403;"2017.01.28 14:17:14";-;
101;https://ok.ru/profile/573387070699;"2017.01.28 14:17:14";-;
102;https://ok.ru/profile/559454887018;"2017.01.28 14:17:14";-;
103;https://ok.ru/profile/565235421420;"2017.01.28 14:17:14";-;
104;https://ok.ru/profile/487040342518;"2017.01.28 14:17:14";-;
105;https://ok.ru/profile/144570347236;"2017.01.28 14:17:14";-;
106;https://ok.ru/profile/569286621045;"2017.01.28 14:17:14";-;
107;https://ok.ru/profile/563780130635;"2017.01.28 14:17:14";-;
108;https://ok.ru/profile/573754587871;"2017.01.28 14:17:14";-;
109;https://ok.ru/profile/481689801990;"2017.01.28 14:17:14";-;
110;https://ok.ru/profile/120936010980;"2017.01.28 14:17:14";-;
111;https://ok.ru/profile/556076717668;"2017.01.28 14:17:14";-;
112;https://ok.ru/profile/479435886323;"2017.01.28 14:17:14";-;
113;https://ok.ru/profile/234379039933;"2017.01.28 14:17:14";-;
114;https://ok.ru/profile/490432907202;"2017.01.28 14:17:14";-;
115;https://ok.ru/profile/567691629377;"2017.01.28 14:17:14";-;
116;https://ok.ru/profile/526094140472;"2017.01.28 14:17:14";-;
117;https://ok.ru/profile/448488628439;"2017.01.28 14:17:14";-;
118;https://ok.ru/profile/539221690379;"2017.01.28 14:17:14";-;
119;https://ok.ru/profile/567879746352;"2017.01.28 14:17:14";-;
120;https://ok.ru/profile/528536796784;"2017.01.28 14:17:14";-;
121;https://ok.ru/profile/527473314121;"2017.01.28 14:17:14";-;
122;https://ok.ru/profile/471134766635;"2017.01.28 14:17:14";-;
123;https://ok.ru/profile/523813201201;"2017.01.28 14:17:14";-;
124;https://ok.ru/profile/437069009768;"2017.01.28 14:17:14";-;
125;https://ok.ru/profile/557093557343;"2017.01.28 14:17:14";-;
126;https://ok.ru/profile/587181658678;"2017.01.28 14:17:14";-;
127;https://ok.ru/profile/517088919536;"2017.01.28 14:17:14";-;
128;https://ok.ru/profile/524803709447;"2017.01.28 14:17:14";-;
129;https://ok.ru/profile/584461350684;"2017.01.28 14:17:14";-;
130;https://ok.ru/profile/584778970894;"2017.01.28 14:17:14";-;
131;https://ok.ru/profile/557087320651;"2017.01.28 14:17:14";-;
132;https://ok.ru/profile/586607134268;"2017.01.28 14:17:14";-;
133;https://ok.ru/profile/552443035487;"2017.01.28 14:17:14";-;
134;https://ok.ru/profile/557857908736;"2017.01.28 14:17:14";-;
135;https://ok.ru/profile/322682378778;"2017.01.28 14:17:14";-;
136;https://ok.ru/profile/512583055035;"2017.01.28 14:17:14";-;
137;https://ok.ru/profile/560776708232;"2017.01.28 14:17:14";-;
138;https://ok.ru/profile/574922400696;"2017.01.28 14:17:14";-;
139;https://ok.ru/profile/135992309623;"2017.01.28 14:17:14";-;
140;https://ok.ru/profile/575348397261;"2017.01.28 14:17:14";-;
141;https://ok.ru/profile/568864477761;"2017.01.28 14:17:14";-;
142;https://ok.ru/profile/336325123973;"2017.01.28 14:17:14";-;
143;https://ok.ru/profile/571979685352;"2017.01.28 14:17:14";-;
144;https://ok.ru/profile/542349338872;"2017.01.28 14:17:14";-;
145;https://ok.ru/profile/584169734706;"2017.01.28 14:17:14";-;
146;https://ok.ru/profile/563988421504;"2017.01.28 14:17:14";-;
147;https://ok.ru/profile/563025715804;"2017.01.28 14:17:14";-;
148;https://ok.ru/profile/576557240263;"2017.01.28 14:17:14";-;
149;https://ok.ru/profile/568120239471;"2017.01.28 14:17:14";-;
150;https://ok.ru/profile/514942500221;"2017.01.28 14:17:14";-;
151;https://ok.ru/profile/544028919136;"2017.01.28 14:17:14";-;
152;https://ok.ru/profile/556004219136;"2017.01.28 14:17:14";-;
153;https://ok.ru/profile/576589336265;"2017.01.28 14:17:14";-;
154;https://ok.ru/profile/590279721750;"2017.01.28 14:17:14";-;
155;https://ok.ru/profile/490989046435;"2017.01.28 14:17:14";-;
156;https://ok.ru/profile/550699138232;"2017.01.28 14:17:14";-;
157;https://ok.ru/profile/586680471102;"2017.01.28 14:17:14";-;
158;https://ok.ru/profile/357439783175;"2017.01.28 14:17:14";-;
159;https://ok.ru/profile/571843884567;"2017.01.28 14:17:14";-;
160;https://ok.ru/profile/542826175738;"2017.01.28 14:17:14";-;
161;https://ok.ru/profile/338238882007;"2017.01.28 14:17:14";-;
162;https://ok.ru/profile/260623003494;"2017.01.28 14:17:14";-;
163;https://ok.ru/profile/582505262885;"2017.01.28 14:17:14";-;
164;https://ok.ru/profile/523204036547;"2017.01.28 14:17:14";-;
165;https://ok.ru/profile/515656723639;"2017.01.28 14:17:14";-;
166;https://ok.ru/profile/522255033768;"2017.01.28 14:17:14";-;
167;https://ok.ru/profile/557688170422;"2017.01.28 14:17:14";-;
168;https://ok.ru/profile/560426058738;"2017.01.28 14:17:14";-;
169;https://ok.ru/profile/581774598445;"2017.01.28 14:17:14";-;
170;https://ok.ru/profile/546745142154;"2017.01.28 14:17:14";-;
171;https://ok.ru/profile/512638740171;"2017.01.28 14:17:14";-;
172;https://ok.ru/profile/574097631377;"2017.01.28 14:17:14";-;
173;https://ok.ru/profile/572469035533;"2017.01.28 14:17:14";-;
174;https://ok.ru/profile/575505626861;"2017.01.28 14:17:14";-;
175;https://ok.ru/profile/565315151261;"2017.01.28 14:17:14";-;
176;https://ok.ru/profile/566106649199;"2017.01.28 14:17:14";-;
177;https://ok.ru/profile/537029851651;"2017.01.28 14:17:14";-;
178;https://ok.ru/profile/570020655476;"2017.01.28 14:17:14";-;
179;https://ok.ru/profile/570105144437;"2017.01.28 14:17:14";-;
180;https://ok.ru/profile/577784181290;"2017.01.28 14:17:14";-;
181;https://ok.ru/profile/582358623259;"2017.01.28 14:17:14";-;
182;https://ok.ru/profile/557483742832;"2017.01.28 14:17:14";-;
183;https://ok.ru/profile/589949017110;"2017.01.28 14:17:14";-;
184;https://ok.ru/profile/511125080793;"2017.01.28 14:17:14";-;
185;https://ok.ru/profile/558348131942;"2017.01.28 14:17:14";-;
186;https://ok.ru/profile/573665939166;"2017.01.28 14:17:14";-;
187;https://ok.ru/profile/571165613420;"2017.01.28 14:17:14";-;
188;https://ok.ru/profile/580431614249;"2017.01.28 14:17:14";-;
189;https://ok.ru/profile/587066275379;"2017.01.28 14:17:14";-;
190;https://ok.ru/profile/496668049017;"2017.01.28 14:17:14";-;
191;https://ok.ru/profile/515148125802;"2017.01.28 14:17:14";-;
192;https://ok.ru/profile/490574108693;"2017.01.28 14:17:14";-;
193;https://ok.ru/profile/548467031857;"2017.01.28 14:17:14";-;
194;https://ok.ru/profile/455454901427;"2017.01.28 14:17:14";-;
195;https://ok.ru/profile/571228676139;"2017.01.28 14:17:14";-;
196;https://ok.ru/profile/515994077143;"2017.01.28 14:17:14";-;
197;https://ok.ru/profile/367598519052;"2017.01.28 14:17:14";-;
198;https://ok.ru/profile/554682218851;"2017.01.28 14:17:14";-;
199;https://ok.ru/profile/584591873544;"2017.01.28 14:17:14";-;
200;https://ok.ru/profile/580593038139;"2017.01.28 14:17:14";-;
201;https://ok.ru/profile/573453207000;"2017.01.28 14:17:14";-;
202;https://ok.ru/profile/569862702050;"2017.01.28 14:17:14";-;
203;https://ok.ru/profile/571332977518;"2017.01.28 14:17:14";-;
204;https://ok.ru/profile/573267751900;"2017.01.28 14:17:14";-;
205;https://ok.ru/profile/568948983919;"2017.01.28 14:17:14";-;
206;https://ok.ru/profile/579571714594;"2017.01.28 14:17:14";-;
207;https://ok.ru/profile/582023959298;"2017.01.28 14:17:14";-;
208;https://ok.ru/profile/571339336522;"2017.01.28 14:17:14";-;
209;https://ok.ru/profile/164934914691;"2017.01.28 14:17:14";-;
210;https://ok.ru/profile/548526216166;"2017.01.28 14:17:14";-;
211;https://ok.ru/profile/588028855830;"2017.01.28 14:17:14";-;
212;https://ok.ru/profile/556872734712;"2017.01.28 14:17:14";-;
213;https://ok.ru/profile/568086532209;"2017.01.28 14:17:14";-;
214;https://ok.ru/profile/571485300399;"2017.01.28 14:17:14";-;
215;https://ok.ru/profile/560449015304;"2017.01.28 14:17:14";-;
216;https://ok.ru/profile/583780470027;"2017.01.28 14:17:14";-;
217;https://ok.ru/profile/534460665000;"2017.01.28 14:17:14";-;
218;https://ok.ru/profile/226300479840;"2017.01.28 14:17:14";-;
219;https://ok.ru/profile/582356757268;"2017.01.28 14:17:14";-;
220;https://ok.ru/profile/569262989941;"2017.01.28 14:17:14";-;
221;https://ok.ru/profile/511008647291;"2017.01.28 14:17:14";-;
222;https://ok.ru/profile/578995356071;"2017.01.28 14:17:14";-;
223;https://ok.ru/profile/566039834293;"2017.01.28 14:17:14";-;
224;https://ok.ru/profile/584814295823;"2017.01.28 14:17:14";-;
225;https://ok.ru/profile/584679279116;"2017.01.28 14:17:14";-;
226;https://ok.ru/profile/570607957786;"2017.01.28 14:17:14";-;
227;https://ok.ru/profile/564497401240;"2017.01.28 14:17:14";-;
228;https://ok.ru/profile/347220831248;"2017.01.28 14:17:14";-;
229;https://ok.ru/profile/566178787014;"2017.01.28 14:17:14";-;
230;https://ok.ru/profile/542223755415;"2017.01.28 14:17:14";-;
